-- phpMyAdmin SQL Dump
-- version 3.5.1
-- http://www.phpmyadmin.net
--
-- Хост: 127.0.0.1
-- Время создания: Ноя 11 2019 г., 16:46
-- Версия сервера: 5.5.25
-- Версия PHP: 5.3.13

SET SQL_MODE="NO_AUTO_VALUE_ON_ZERO";
SET time_zone = "+00:00";


/*!40101 SET @OLD_CHARACTER_SET_CLIENT=@@CHARACTER_SET_CLIENT */;
/*!40101 SET @OLD_CHARACTER_SET_RESULTS=@@CHARACTER_SET_RESULTS */;
/*!40101 SET @OLD_COLLATION_CONNECTION=@@COLLATION_CONNECTION */;
/*!40101 SET NAMES utf8 */;

--
-- База данных: `sotrzarplforeign`
--

-- --------------------------------------------------------

--
-- Структура таблицы `otdels`
--

CREATE TABLE IF NOT EXISTS `otdels` (
  `idOtdel` int(4) NOT NULL,
  `NameOtdel` varchar(25) NOT NULL
) ENGINE=InnoDB DEFAULT CHARSET=utf8;

--
-- Дамп данных таблицы `otdels`
--

INSERT INTO `otdels` (`idOtdel`, `NameOtdel`) VALUES
(1, 'Common'),
(2, 'Management'),
(3, 'Technical support'),
(4, 'Work safety');

-- --------------------------------------------------------

--
-- Структура таблицы `sotr`
--

CREATE TABLE IF NOT EXISTS `sotr` (
  `id` int(5) NOT NULL,
  `LastName` varchar(20) NOT NULL,
  `FirstName` varchar(20) NOT NULL,
  `Otdel` int(3) NOT NULL,
  `Date_R` date NOT NULL,
  `Dolzn` varchar(25) NOT NULL
) ENGINE=InnoDB DEFAULT CHARSET=utf8;

--
-- Дамп данных таблицы `sotr`
--

INSERT INTO `sotr` (`id`, `LastName`, `FirstName`, `Otdel`, `Date_R`, `Dolzn`) VALUES
(101, 'Smith\n', 'John', 2, '1996-11-21', 'Department head'),
(102, 'Fox\n', 'Veronica', 2, '1997-10-21', 'Manager'),
(103, 'Pence', 'Nikolay', 2, '1993-10-20', 'Manager'),
(104, 'Kerry\n', 'Dana ', 2, '1994-05-20', 'Engineer'),
(105, 'Kraisky\n', 'Mikhail', 2, '1992-12-04', 'Senior manager'),
(106, 'Crump\n', 'Denis', 3, '1991-02-22', 'Department head'),
(107, 'Mackay\n', 'Paul', 3, '1994-10-26', 'Driver'),
(108, 'Gray\n', 'Bob', 3, '1990-10-07', 'Forwarder'),
(109, 'Rose\n', 'Paul', 3, '1996-02-10', 'Forwarder'),
(110, 'Derby\n', 'Roy', 3, '1990-02-09', 'Security guard\n'),
(111, 'Cross\n', 'Julia', 4, '1992-11-02', 'Department head'),
(112, 'Graham', 'Peter', 4, '1989-04-07', 'An electrician\n'),
(113, 'Johnson', 'Boris', 4, '1989-10-22', 'An electrician\n'),
(114, 'Kreisky\n', 'Bill', 4, '1986-06-09', 'Senior technician\n'),
(117, 'Dancy', 'Peter\n', 4, '1994-07-08', 'Safety engineer\n'),
(118, 'Kola\n', 'John', 4, '1995-01-06', 'Safety engineer\n'),
(115, 'Twist', 'Mary', 4, '1994-07-08', 'Safety engineer\n'),
(116, 'Marine\n', 'Dmitry', 4, '1995-01-06', 'Safety engineer\n');

-- --------------------------------------------------------

--
-- Структура таблицы `zarpl`
--

CREATE TABLE IF NOT EXISTS `zarpl` (
  `idSotr` int(5) NOT NULL,
  `God` int(3) NOT NULL,
  `Month` int(2) NOT NULL,
  `Money` decimal(8,2) NOT NULL
) ENGINE=InnoDB DEFAULT CHARSET=utf8;

--
-- Дамп данных таблицы `zarpl`
--

INSERT INTO `zarpl` (`idSotr`, `God`, `Month`, `Money`) VALUES
(101, 2018, 2, '19000.00'),
(101, 2018, 3, '20500.00'),
(101, 2018, 5, '21000.00'),
(101, 2018, 7, '20700.00'),
(102, 2018, 4, '17500.00'),
(102, 2018, 6, '20400.00'),
(102, 2018, 9, '19500.00'),
(102, 2018, 12, '22000.00'),
(103, 2018, 3, '17500.00'),
(103, 2018, 5, '19500.00'),
(103, 2018, 7, '22000.00'),
(103, 2018, 9, '21700.00'),
(103, 2018, 11, '19800.00'),
(104, 2018, 2, '18500.00'),
(104, 2018, 4, '19300.00'),
(104, 2018, 6, '21400.00'),
(104, 2018, 8, '20500.00'),
(104, 2018, 11, '21200.00'),
(105, 2018, 1, '23000.00'),
(105, 2018, 4, '24000.00'),
(105, 2018, 6, '24500.00'),
(105, 2018, 8, '23700.00'),
(105, 2018, 10, '23800.00'),
(105, 2018, 12, '25300.00'),
(106, 2018, 1, '18900.00'),
(106, 2018, 3, '21100.00'),
(106, 2018, 4, '21400.00'),
(106, 2018, 5, '22300.00'),
(106, 2018, 6, '21800.00'),
(106, 2018, 7, '26000.00'),
(106, 2018, 9, '23600.00'),
(106, 2018, 11, '22100.00'),
(107, 2018, 3, '24300.00'),
(107, 2018, 4, '19700.00'),
(108, 2018, 1, '22100.00'),
(108, 2018, 7, '28600.00'),
(109, 2018, 1, '28100.00'),
(109, 2018, 2, '25300.00'),
(109, 2018, 4, '25000.00'),
(109, 2018, 5, '26000.00'),
(109, 2018, 8, '22800.00'),
(110, 2018, 1, '29000.00'),
(110, 2018, 3, '27800.00'),
(110, 2018, 4, '26400.00'),
(110, 2018, 6, '29100.00'),
(110, 2018, 7, '28200.00'),
(111, 2018, 5, '28600.00'),
(111, 2018, 7, '25800.00'),
(111, 2018, 10, '31200.00'),
(111, 2018, 12, '21400.00'),
(112, 2018, 2, '25800.00'),
(112, 2018, 3, '31000.00'),
(112, 2018, 4, '22300.00'),
(112, 2018, 6, '19300.00'),
(112, 2018, 8, '23850.00'),
(112, 2018, 9, '28600.00'),
(113, 2018, 7, '29800.00'),
(113, 2018, 8, '31300.00'),
(113, 2018, 10, '28700.00'),
(113, 2018, 11, '29150.00'),
(114, 2018, 1, '19400.00'),
(114, 2018, 2, '22350.00'),
(114, 2018, 4, '31740.00'),
(114, 2018, 6, '30140.00'),
(114, 2018, 8, '22900.00'),
(114, 2018, 9, '28960.00'),
(114, 2018, 10, '23400.00'),
(114, 2018, 12, '25000.00'),
(115, 2018, 3, '19800.00'),
(115, 2018, 5, '17800.00'),
(116, 2018, 5, '23800.00'),
(116, 2018, 7, '27000.00'),
(116, 2018, 8, '29800.00'),
(116, 2018, 9, '31200.00'),
(103, 2019, 2, '34800.00'),
(103, 2019, 3, '21700.00'),
(103, 2019, 5, '23450.00'),
(103, 2019, 7, '28700.00'),
(105, 2019, 1, '19700.00'),
(105, 2019, 2, '21300.00'),
(105, 2019, 3, '28150.00'),
(105, 2019, 5, '21430.00');

/*!40101 SET CHARACTER_SET_CLIENT=@OLD_CHARACTER_SET_CLIENT */;
/*!40101 SET CHARACTER_SET_RESULTS=@OLD_CHARACTER_SET_RESULTS */;
/*!40101 SET COLLATION_CONNECTION=@OLD_COLLATION_CONNECTION */;
